Гаврилова Анастасия Данииловна;30.06.2020;ж
Лебедева Виктория Петровна;02.10.2020;ж
Леонтьева Виктория Дмитриевна;14.07.2020;ж
Исаева Милана Данииловна;09.08.2007;ж
Шестакова Кристина Ивановна;15.02.2020;ж
Михайлова Ксения Львовна;08.01.2020;ж
Шевцова Ника Максимовна;24.03.2017;ж
Родионова Кристина Александровна;24.10.2005;ж
Карасева Мелисса Марковна;19.01.2019;ж
Лебедева Виктория Александровна;14.05.2010;ж
Соколова Арина Дмитриевна;04.03.2019;ж
Романова Кристина Михайловна;03.06.2018;ж
Судакова Екатерина Ивановна;29.03.2020;ж
Денисова Виктория Тимофеевна;06.02.2018;ж
Овчинникова Милана Ивановна;24.10.2005;ж
Васильев Иван Юрьевич;30.01.2020;м
Куликов Максим Тимурович;13.01.2020;м
Павлов Роман Владимирович;22.11.2020;м
Сафонов Максим Георгиевич;12.08.2020;м
Антонов Дмитрий Арсентьевич;25.08.2020;м
Денисов Николай Дмитриевич;05.03.2020;м
Новиков Марк Степанович;09.08.2007;м
Соколов Михаил Макарович;08.07.2018;м
Галкин Ярослав Дмитриевич;21.01.2005;м
Руднев Марк Фёдорович;19.01.2019;м
Галкин Даниил Александрович;21.01.2005;м
Большаков Дмитрий Егорович;28.12.2016;м
Смирнов Илья Дмитриевич;31.10.2011;м
Яковлев Данил Андреевич;31.07.2005;м
Давыдов Константин Андреевич;10.12.2016;м
